"","page","message"
"1",3840,"schannel: next InitializeSecurityContext failed: SEC_E_MESSAGE_ALTERED (0x8009030F) - The message or signature supplied for verification has been altered"
"2",5700,"schannel: next InitializeSecurityContext failed: SEC_E_MESSAGE_ALTERED (0x8009030F) - The message or signature supplied for verification has been altered"
"3",20580,"schannel: next InitializeSecurityContext failed: SEC_E_MESSAGE_ALTERED (0x8009030F) - The message or signature supplied for verification has been altered"
"4",27630,"schannel: next InitializeSecurityContext failed: SEC_E_MESSAGE_ALTERED (0x8009030F) - The message or signature supplied for verification has been altered"
"5",28050,"schannel: next InitializeSecurityContext failed: SEC_E_MESSAGE_ALTERED (0x8009030F) - The message or signature supplied for verification has been altered"
"6",30150,"schannel: next InitializeSecurityContext failed: SEC_E_MESSAGE_ALTERED (0x8009030F) - The message or signature supplied for verification has been altered"
"7",30270,"schannel: next InitializeSecurityContext failed: SEC_E_MESSAGE_ALTERED (0x8009030F) - The message or signature supplied for verification has been altered"
"8",42720,"schannel: next InitializeSecurityContext failed: SEC_E_MESSAGE_ALTERED (0x8009030F) - The message or signature supplied for verification has been altered"
"9",45780,"schannel: next InitializeSecurityContext failed: SEC_E_MESSAGE_ALTERED (0x8009030F) - The message or signature supplied for verification has been altered"
"10",53700,"schannel: next InitializeSecurityContext failed: SEC_E_MESSAGE_ALTERED (0x8009030F) - The message or signature supplied for verification has been altered"
"11",74040,"schannel: next InitializeSecurityContext failed: SEC_E_MESSAGE_ALTERED (0x8009030F) - The message or signature supplied for verification has been altered"
"12",77190,"schannel: next InitializeSecurityContext failed: SEC_E_MESSAGE_ALTERED (0x8009030F) - The message or signature supplied for verification has been altered"
"13",82080,"HTTP error 503."
"14",107790,"schannel: next InitializeSecurityContext failed: SEC_E_MESSAGE_ALTERED (0x8009030F) - The message or signature supplied for verification has been altered"
"15",111150,"schannel: next InitializeSecurityContext failed: SEC_E_MESSAGE_ALTERED (0x8009030F) - The message or signature supplied for verification has been altered"
"16",116100,"schannel: next InitializeSecurityContext failed: SEC_E_MESSAGE_ALTERED (0x8009030F) - The message or signature supplied for verification has been altered"
"17",122700,"schannel: next InitializeSecurityContext failed: SEC_E_MESSAGE_ALTERED (0x8009030F) - The message or signature supplied for verification has been altered"
"18",124440,"schannel: next InitializeSecurityContext failed: SEC_E_MESSAGE_ALTERED (0x8009030F) - The message or signature supplied for verification has been altered"
"19",127410,"schannel: next InitializeSecurityContext failed: SEC_E_MESSAGE_ALTERED (0x8009030F) - The message or signature supplied for verification has been altered"
"20",130950,"schannel: next InitializeSecurityContext failed: SEC_E_MESSAGE_ALTERED (0x8009030F) - The message or signature supplied for verification has been altered"
"21",132330,"schannel: next InitializeSecurityContext failed: SEC_E_MESSAGE_ALTERED (0x8009030F) - The message or signature supplied for verification has been altered"
"22",134700,"schannel: next InitializeSecurityContext failed: SEC_E_MESSAGE_ALTERED (0x8009030F) - The message or signature supplied for verification has been altered"
"23",136620,"schannel: next InitializeSecurityContext failed: SEC_E_MESSAGE_ALTERED (0x8009030F) - The message or signature supplied for verification has been altered"
